DraftID,Draft_Year,Draft_Round,Draft_Number
10000,1985,1,23
10001,1999,2,39
10002,2000,2,32
10003,2016,2,46
10004,2009,2,52
10005,2007,1,26
10006,2014,1,4
10007,2007,2,49
10008,Undrafted,Undrafted,Undrafted
10009,2018,1,23
10010,Undrafted,Undrafted,Undrafted
10011,1994,1,17
10012,Undrafted,Undrafted,Undrafted
10013,Undrafted,Undrafted,Undrafted
10014,2016,2,58
10015,1993,1,19
10016,2007,1,11
10017,Undrafted,Undrafted,Undrafted
10018,1992,1,10
10019,Undrafted,Undrafted,Undrafted
10020,2006,1,3
10021,2019,2,42
10022,1997,1,8
10023,1993,2,42
10024,Undrafted,Undrafted,Undrafted
10025,2014,1,15
10026,Undrafted,Undrafted,Undrafted
10027,Undrafted,Undrafted,Undrafted
10028,1998,1,25
10029,2007,1,3
10030,2004,1,15
10031,2007,1,14
10032,2010,1,8
10033,Undrafted,Undrafted,Undrafted
10034,1995,1,16
10035,Undrafted,Undrafted,Undrafted
10036,2007,1,29
10037,2011,1,12
10038,2017,2,54
10039,Undrafted,Undrafted,Undrafted
10040,1999,1,12
10041,2019,2,39
10042,2013,2,32
10043,2005,2,60
10044,Undrafted,Undrafted,Undrafted
10045,Undrafted,Undrafted,Undrafted
10046,Undrafted,Undrafted,Undrafted
10047,2013,1,5
10048,Undrafted,Undrafted,Undrafted
10049,Undrafted,Undrafted,Undrafted
10050,Undrafted,Undrafted,Undrafted
10051,2006,2,45
10052,Undrafted,Undrafted,Undrafted
10053,2008,1,20
10054,Undrafted,Undrafted,Undrafted
10055,2018,2,50
10056,1993,1,11
10057,Undrafted,Undrafted,Undrafted
10058,2013,2,31
10059,1996,1,1
10060,Undrafted,Undrafted,Undrafted
10061,Undrafted,Undrafted,Undrafted
10062,1992,1,2
10063,2001,2,50
10064,1981,1,21
10065,2001,2,56
10066,Undrafted,Undrafted,Undrafted
10067,1997,2,47
10068,1996,2,49
10069,2002,1,9
10070,Undrafted,Undrafted,Undrafted
10071,Undrafted,Undrafted,Undrafted
10072,2005,2,56
10073,2004,2,30
10074,1998,2,46
10075,2005,2,49
10076,Undrafted,Undrafted,Undrafted
10077,Undrafted,Undrafted,Undrafted
10078,Undrafted,Undrafted,Undrafted
10079,2012,1,9
10080,2004,2,35
10081,2004,1,9
10082,Undrafted,Undrafted,Undrafted
10083,1999,1,8
10084,Undrafted,Undrafted,Undrafted
10085,2013,1,26
10086,2006,1,1
10087,2003,2,58
10088,1999,1,24
10089,Undrafted,Undrafted,Undrafted
10090,2005,1,1
10091,2005,1,10
10092,1995,2,34
10093,Undrafted,Undrafted,Undrafted
10094,2011,2,46
10095,2015,2,44
10096,1988,2,28
10097,2012,1,19
10098,Undrafted,Undrafted,Undrafted
10099,2014,1,1
10100,2004,1,11
10101,Undrafted,Undrafted,Undrafted
10102,2010,2,38
10103,1993,1,3
10104,2018,1,24
10105,Undrafted,Undrafted,Undrafted
10106,1998,2,30
10107,1998,1,4
10108,2016,1,23
10109,1991,1,15
10110,2013,1,1
10111,1986,3,66
10112,2015,2,34
10113,Undrafted,Undrafted,Undrafted
10114,2012,1,1
10115,1994,2,52
10116,Undrafted,Undrafted,Undrafted
10117,1997,2,39
10118,1988,3,53
10119,1994,2,39
10120,Undrafted,Undrafted,Undrafted
10121,1997,1,21
10122,1992,1,15
10123,2008,1,14
10124,Undrafted,Undrafted,Undrafted
10125,Undrafted,Undrafted,Undrafted
10126,1983,1,8
10127,Undrafted,Undrafted,Undrafted
10128,1996,1,6
10129,2005,1,15
10130,Undrafted,Undrafted,Undrafted
10131,Undrafted,Undrafted,Undrafted
10132,2004,2,36
10133,1997,1,4
10134,1990,2,45
10135,Undrafted,Undrafted,Undrafted
10136,1994,2,29
10137,1995,1,2
10138,2001,2,47
10139,Undrafted,Undrafted,Undrafted
10140,2017,1,25
10141,2013,1,29
10142,Undrafted,Undrafted,Undrafted
10143,1987,1,2
10144,2010,2,34
10145,2012,1,27
10146,Undrafted,Undrafted,Undrafted
10147,2007,1,27
10148,Undrafted,Undrafted,Undrafted
10149,Undrafted,Undrafted,Undrafted
10150,1986,1,24
10151,Undrafted,Undrafted,Undrafted
10152,1997,1,12
10153,2009,1,15
10154,2012,1,10
10155,2010,1,19
10156,Undrafted,Undrafted,Undrafted
10157,Undrafted,Undrafted,Undrafted
10158,Undrafted,Undrafted,Undrafted
10159,1989,1,18
10160,Undrafted,Undrafted,Undrafted
10161,2017,1,14
10162,1999,1,3
10163,2016,2,51
10164,1996,2,43
10165,2004,1,3
10166,Undrafted,Undrafted,Undrafted
10167,Undrafted,Undrafted,Undrafted
10168,2013,1,7
10169,Undrafted,Undrafted,Undrafted
10170,2016,1,1
10171,Undrafted,Undrafted,Undrafted
10172,Undrafted,Undrafted,Undrafted
10173,2004,1,28
10174,1985,1,3
10175,2012,2,33
10176,2004,2,45
10177,1994,1,22
10178,1985,1,16
10179,Undrafted,Undrafted,Undrafted
10180,1991,1,3
10181,Undrafted,Undrafted,Undrafted
10182,1990,2,40
10183,2011,1,7
10184,1991,1,10
10185,Undrafted,Undrafted,Undrafted
10186,2009,1,1
10187,1989,1,21
10188,Undrafted,Undrafted,Undrafted
10189,1987,2,32
10190,1995,1,17
10191,Undrafted,Undrafted,Undrafted
10192,Undrafted,Undrafted,Undrafted
10193,1993,1,7
10194,1997,1,23
10195,2006,2,37
10196,1991,2,45
10197,2015,1,22
10198,2001,2,41
10199,2014,1,27
10200,2011,2,31
10201,Undrafted,Undrafted,Undrafted
10202,1998,1,11
10203,Undrafted,Undrafted,Undrafted
10204,2003,1,21
10205,2002,1,15
10206,2005,2,47
10207,1987,2,45
10208,Undrafted,Undrafted,Undrafted
10209,Undrafted,Undrafted,Undrafted
10210,2012,1,3
10211,2007,1,8
10212,2015,2,56
10213,Undrafted,Undrafted,Undrafted
10214,2001,1,23
10215,2005,2,33
10216,2019,1,21
10217,Undrafted,Undrafted,Undrafted
10218,Undrafted,Undrafted,Undrafted
10219,2003,2,56
10220,2016,1,2
10221,2009,1,10
10222,2011,1,8
10223,Undrafted,Undrafted,Undrafted
10224,2006,1,6
10225,2008,1,13
10226,Undrafted,Undrafted,Undrafted
10227,Undrafted,Undrafted,Undrafted
10228,2001,1,20
10229,1995,1,15
10230,1992,2,32
10231,Undrafted,Undrafted,Undrafted
10232,Undrafted,Undrafted,Undrafted
10233,1997,1,16
10234,Undrafted,Undrafted,Undrafted
10235,2000,2,44
10236,2003,1,24
10237,1996,1,27
10238,1994,1,8
10239,1990,2,32
10240,Undrafted,Undrafted,Undrafted
10241,2001,2,34
10242,1988,1,24
10243,1998,1,22
10244,Undrafted,Undrafted,Undrafted
10245,2016,1,25
10246,Undrafted,Undrafted,Undrafted
10247,2008,1,10
10248,1994,1,27
10249,Undrafted,Undrafted,Undrafted
10250,2018,2,42
10251,2014,1,20
10252,2019,2,34
10253,1998,2,35
10254,1995,1,6
10255,1992,1,13
10256,Undrafted,Undrafted,Undrafted
10257,Undrafted,Undrafted,Undrafted
10258,1998,1,16
10259,Undrafted,Undrafted,Undrafted
10260,1993,2,45
10261,1997,2,34
10262,1981,1,3
10263,2016,1,6
10264,2009,1,24
10265,1983,1,4
10266,Undrafted,Undrafted,Undrafted
10267,Undrafted,Undrafted,Undrafted
10268,2013,1,10
10269,2005,2,34
10270,2014,1,28
10271,1999,1,17
10272,1993,1,6
10273,Undrafted,Undrafted,Undrafted
10274,2017,1,26
10275,1999,2,35
10276,2019,1,10
10277,2014,2,49
10278,2019,1,11
10279,2015,1,14
10280,Undrafted,Undrafted,Undrafted
10281,2016,1,20
10282,1990,2,30
10283,2007,2,31
10284,Undrafted,Undrafted,Undrafted
10285,Undrafted,Undrafted,Undrafted
10286,Undrafted,Undrafted,Undrafted
10287,2002,2,34
10288,2003,1,25
10289,1994,1,11
10290,2003,1,3
10291,2002,1,10
10292,2013,2,33
10293,2019,2,33
10294,Undrafted,Undrafted,Undrafted
10295,2002,1,22
10296,1998,2,37
10297,Undrafted,Undrafted,Undrafted
10298,2015,2,31
10299,Undrafted,Undrafted,Undrafted
10300,1990,2,48
10301,1997,2,44
10302,Undrafted,Undrafted,Undrafted
10303,2006,1,15
10304,Undrafted,Undrafted,Undrafted
10305,2018,1,22
10306,2011,2,38
10307,2005,1,8
10308,1984,1,5
10309,Undrafted,Undrafted,Undrafted
10310,Undrafted,Undrafted,Undrafted
10311,2011,2,44
10312,1979,8,165
10313,1997,2,31
10314,1985,1,9
10315,Undrafted,Undrafted,Undrafted
10316,1988,2,32
10317,1988,1,3
10318,Undrafted,Undrafted,Undrafted
10319,2005,1,7
10320,1994,1,26
10321,2009,2,44
10322,Undrafted,Undrafted,Undrafted
10323,1997,1,3
10324,2016,2,33
10325,2006,2,51
10326,1995,1,12
10327,2018,2,49
10328,2016,2,37
10329,Undrafted,Undrafted,Undrafted
10330,1997,1,18
10331,Undrafted,Undrafted,Undrafted
10332,2003,1,4
10333,Undrafted,Undrafted,Undrafted
10334,1995,2,56
10335,Undrafted,Undrafted,Undrafted
10336,Undrafted,Undrafted,Undrafted
10337,Undrafted,Undrafted,Undrafted
10338,Undrafted,Undrafted,Undrafted
10339,1997,2,50
10340,2008,2,40
10341,1987,4,75
10342,2004,2,38
10343,Undrafted,Undrafted,Undrafted
10344,1991,1,16
10345,1999,2,33
10346,Undrafted,Undrafted,Undrafted
10347,2002,1,27
10348,Undrafted,Undrafted,Undrafted
10349,Undrafted,Undrafted,Undrafted
10350,2003,1,6
10351,1992,2,45
10352,Undrafted,Undrafted,Undrafted
10353,2015,1,29
10354,2000,1,7
10355,1993,1,22
10356,1988,1,4
10357,1985,1,7
10358,2002,2,47
10359,2005,1,4
10360,2000,2,55
10361,Undrafted,Undrafted,Undrafted
10362,2007,2,41
10363,1996,2,51
10364,Undrafted,Undrafted,Undrafted
10365,2011,1,18
10366,Undrafted,Undrafted,Undrafted
10367,2005,2,42
10368,1993,1,1
10369,1993,2,47
10370,2002,1,8
10371,Undrafted,Undrafted,Undrafted
10372,2009,1,30
10373,1992,1,3
10374,Undrafted,Undrafted,Undrafted
10375,Undrafted,Undrafted,Undrafted
10376,1986,1,4
10377,Undrafted,Undrafted,Undrafted
10378,1989,2,43
10379,1992,1,9
10380,2014,2,34
10381,Undrafted,Undrafted,Undrafted
10382,1989,2,36
10383,1994,1,16
10384,2014,1,25
10385,1983,1,14
10386,Undrafted,Undrafted,Undrafted
10387,2019,1,7
10388,2019,2,36
10389,2013,1,4
10390,2010,1,11
10391,2018,1,8
10392,Undrafted,Undrafted,Undrafted
10393,1998,1,28
10394,2007,1,7
10395,1999,1,13
10396,1993,1,25
10397,1995,1,13
10398,2002,2,57
10399,1995,1,29
10400,1998,2,49
10401,Undrafted,Undrafted,Undrafted
10402,2014,2,60
10403,2011,1,29
10404,Undrafted,Undrafted,Undrafted
10405,2000,1,13
10406,Undrafted,Undrafted,Undrafted
10407,2008,1,22
10408,Undrafted,Undrafted,Undrafted
10409,2010,1,21
10410,1983,3,48
10411,2006,2,36
10412,Undrafted,Undrafted,Undrafted
10413,1995,2,57
10414,2002,1,18
10415,1998,2,41
10416,2015,1,2
10417,2008,1,9
10418,Undrafted,Undrafted,Undrafted
10419,2017,1,17
10420,Undrafted,Undrafted,Undrafted
10421,Undrafted,Undrafted,Undrafted
10422,2007,2,59
10423,2008,1,29
10424,2009,2,35
10425,Undrafted,Undrafted,Undrafted
10426,2007,1,21
10427,2003,1,20
10428,Undrafted,Undrafted,Undrafted
10429,2002,1,6
10430,2015,2,48
10431,1991,1,13
10432,1983,1,9
10433,2000,1,24
10434,2016,1,30
10435,2012,1,6
10436,2014,2,31
10437,Undrafted,Undrafted,Undrafted
10438,2010,1,24
10439,Undrafted,Undrafted,Undrafted
10440,2006,2,59
10441,Undrafted,Undrafted,Undrafted
10442,Undrafted,Undrafted,Undrafted
10443,1995,1,7
10444,2001,2,36
10445,2017,2,44
10446,2002,1,28
10447,2002,2,33
10448,2000,2,31
10449,1988,1,14
10450,2000,2,53
10451,1981,1,13
10452,1989,1,16
10453,2005,2,32
10454,2019,2,38
10455,2006,2,42
10456,2016,2,56
10457,Undrafted,Undrafted,Undrafted
10458,2010,1,29
10459,Undrafted,Undrafted,Undrafted
10460,Undrafted,Undrafted,Undrafted
10461,2008,1,6
10462,1989,1,2
10463,1997,1,10
10464,2005,1,17
10465,2009,2,46
10466,1988,1,1
10467,2009,2,33
10468,2014,1,5
10469,Undrafted,Undrafted,Undrafted
10470,Undrafted,Undrafted,Undrafted
10471,2010,2,37
10472,2014,1,12
10473,2019,1,23
10474,2019,1,5
10475,2012,2,55
10476,2000,1,3
10477,2012,2,46
10478,2011,2,41
10479,2002,2,49
10480,Undrafted,Undrafted,Undrafted
10481,2003,1,2
10482,2008,2,52
10483,Undrafted,Undrafted,Undrafted
10484,2008,1,27
10485,2009,1,21
10486,Undrafted,Undrafted,Undrafted
10487,1994,2,38
10488,2015,2,38
10489,Undrafted,Undrafted,Undrafted
10490,Undrafted,Undrafted,Undrafted
10491,Undrafted,Undrafted,Undrafted
10492,2002,2,36
10493,Undrafted,Undrafted,Undrafted
10494,2004,1,29
10495,2005,1,30
10496,2006,2,39
10497,Undrafted,Undrafted,Undrafted
10498,1987,1,1
10499,Undrafted,Undrafted,Undrafted
10500,Undrafted,Undrafted,Undrafted
10501,1995,1,25
10502,Undrafted,Undrafted,Undrafted
10503,Undrafted,Undrafted,Undrafted
10504,2003,1,18
10505,1986,2,44
10506,Undrafted,Undrafted,Undrafted
10507,2011,2,42
10508,2017,2,32
10509,2017,1,5
10510,2019,1,4
10511,2018,2,46
10512,2008,2,35
10513,2011,2,53
10514,2016,1,21
10515,2009,2,37
10516,1997,2,51
10517,2009,1,9
10518,1998,2,38
10519,2010,1,5
10520,Undrafted,Undrafted,Undrafted
10521,2009,1,27
10522,Undrafted,Undrafted,Undrafted
10523,2001,1,8
10524,2000,1,23
10525,Undrafted,Undrafted,Undrafted
10526,1988,2,38
10527,Undrafted,Undrafted,Undrafted
10528,Undrafted,Undrafted,Undrafted
10529,2018,1,1
10530,Undrafted,Undrafted,Undrafted
10531,1990,1,19
10532,2016,1,29
10533,1986,1,15
10534,Undrafted,Undrafted,Undrafted
10535,2015,1,20
10536,2004,1,24
10537,2007,2,53
10538,2016,2,45
10539,Undrafted,Undrafted,Undrafted
10540,Undrafted,Undrafted,Undrafted
10541,Undrafted,Undrafted,Undrafted
10542,1986,2,27
10543,2013,1,17
10544,1990,1,4
10545,2017,1,9
10546,2016,1,14
10547,Undrafted,Undrafted,Undrafted
10548,2000,1,6
10549,1997,1,13
10550,1996,1,24
10551,Undrafted,Undrafted,Undrafted
10552,1983,1,11
10553,Undrafted,Undrafted,Undrafted
10554,1990,2,47
10555,2005,1,3
10556,1994,2,33
10557,2009,2,40
10558,2007,2,42
10559,2010,2,58
10560,1990,1,1
10561,1998,2,52
10562,2010,1,3
10563,Undrafted,Undrafted,Undrafted
10564,1987,1,9
10565,2008,1,1
10566,Undrafted,Undrafted,Undrafted
10567,2017,1,29
10568,2011,1,2
10569,2003,2,40
10570,Undrafted,Undrafted,Undrafted
10571,Undrafted,Undrafted,Undrafted
10572,2000,1,17
10573,Undrafted,Undrafted,Undrafted
10574,1985,1,8
10575,1999,1,23
10576,2015,1,13
10577,Undrafted,Undrafted,Undrafted
10578,2010,2,43
10579,1995,Undrafted,Undrafted
10580,Undrafted,Undrafted,Undrafted
10581,2004,1,5
10582,Undrafted,Undrafted,Undrafted
10583,2018,2,53
10584,2018,2,34
10585,2014,2,56
10586,2019,2,59
10587,Undrafted,Undrafted,Undrafted
10588,Undrafted,Undrafted,Undrafted
10589,2010,2,32
10590,2016,2,31
10591,2016,2,40
10592,Undrafted,Undrafted,Undrafted
10593,1994,1,21
10594,2005,2,54
10595,1991,1,4
10596,2017,2,45
10597,1989,2,40
10598,1999,1,20
10599,2012,1,4
10600,Undrafted,Undrafted,Undrafted
10601,1998,1,9
10602,2016,1,11
10603,2007,2,47
10604,2010,1,25
10605,1982,1,3
10606,1992,1,19
10607,1995,2,58
10608,1987,3,52
10609,Undrafted,Undrafted,Undrafted
10610,Undrafted,Undrafted,Undrafted
10611,2011,1,20
10612,Undrafted,Undrafted,Undrafted
10613,2000,1,22
10614,1995,2,42
10615,1995,2,39
10616,2017,1,13
10617,Undrafted,Undrafted,Undrafted
10618,2004,2,34
10619,1996,1,21
10620,2018,1,17
10621,Undrafted,Undrafted,Undrafted
10622,2008,1,28
10623,Undrafted,Undrafted,Undrafted
10624,1994,2,37
10625,1994,1,4
10626,2004,1,19
10627,Undrafted,Undrafted,Undrafted
10628,2012,2,42
10629,1992,1,17
10630,2014,1,11
10631,1991,2,40
10632,1989,2,38
10633,2016,1,4
10634,1995,2,31
10635,2012,2,35
10636,1996,2,57
10637,Undrafted,Undrafted,Undrafted
10638,2002,1,4
10639,Undrafted,Undrafted,Undrafted
10640,1990,1,18
10641,Undrafted,Undrafted,Undrafted
10642,Undrafted,Undrafted,Undrafted
10643,Undrafted,Undrafted,Undrafted
10644,Undrafted,Undrafted,Undrafted
10645,2017,2,40
10646,Undrafted,Undrafted,Undrafted
10647,1990,1,24
10648,Undrafted,Undrafted,Undrafted
10649,2004,1,1
10650,2014,2,45
10651,2003,1,5
10652,2018,1,29
10653,2011,2,55
10654,Undrafted,Undrafted,Undrafted
10655,Undrafted,Undrafted,Undrafted
10656,2009,1,14
10657,1979,3,58
10658,2001,2,39
10659,2010,1,13
10660,1997,1,22
10661,1995,1,9
10662,1985,1,10
10663,1993,2,35
10664,Undrafted,Undrafted,Undrafted
10665,Undrafted,Undrafted,Undrafted
10666,2001,1,7
10667,2000,2,37
10668,1981,2,29
10669,1994,1,10
10670,Undrafted,Undrafted,Undrafted
10671,2001,1,4
10672,2017,2,52
10673,2000,2,38
10674,Undrafted,Undrafted,Undrafted
10675,2014,2,43
10676,1996,1,23
10677,2010,1,6
10678,1990,1,27
10679,1992,Undrafted,Undrafted
10680,2014,1,10
10681,Undrafted,Undrafted,Undrafted
10682,2018,2,31
10683,Undrafted,Undrafted,Undrafted
10684,1991,2,37
10685,2010,1,22
10686,1992,2,38
10687,1992,1,25
10688,1999,1,1
10689,Undrafted,Undrafted,Undrafted
10690,Undrafted,Undrafted,Undrafted
10691,2004,1,2
10692,2015,1,7
10693,2011,1,3
10694,1983,1,13
10695,2010,1,18
10696,Undrafted,Undrafted,Undrafted
10697,2008,1,7
10698,1988,1,17
10699,2009,1,20
10700,Undrafted,Undrafted,Undrafted
10701,1994,1,18
10702,1994,1,9
10703,Undrafted,Undrafted,Undrafted
10704,1991,1,21
10705,2019,2,41
10706,1994,1,15
10707,1993,2,33
10708,1995,2,43
10709,1997,2,46
10710,1995,1,14
10711,2000,1,28
10712,1996,1,10
10713,2013,2,46
10714,Undrafted,Undrafted,Undrafted
10715,Undrafted,Undrafted,Undrafted
10716,Undrafted,Undrafted,Undrafted
10717,2013,2,49
10718,2000,2,52
10719,2005,2,36
10720,1993,1,23
10721,Undrafted,Undrafted,Undrafted
10722,2000,1,12
10723,Undrafted,Undrafted,Undrafted
10724,1999,2,34
10725,2012,1,20
10726,2010,1,2
10727,Undrafted,Undrafted,Undrafted
10728,2012,1,22
10729,Undrafted,Undrafted,Undrafted
10730,1998,1,24
10731,1990,1,6
10732,2012,1,30
10733,2002,2,41
10734,1999,2,41
10735,2005,1,23
10736,1981,3,57
10737,2017,2,31
10738,2015,1,9
10739,2017,2,34
10740,2017,1,8
10741,2002,1,25
10742,1995,2,37
10743,1995,2,52
10744,2002,1,14
10745,1982,2,27
10746,Undrafted,Undrafted,Undrafted
10747,Undrafted,Undrafted,Undrafted
10748,2012,2,53
10749,2016,1,26
10750,2007,2,32
10751,Undrafted,Undrafted,Undrafted
10752,Undrafted,Undrafted,Undrafted
10753,2010,2,46
10754,Undrafted,Undrafted,Undrafted
10755,Undrafted,Undrafted,Undrafted
10756,Undrafted,Undrafted,Undrafted
10757,Undrafted,Undrafted,Undrafted
10758,Undrafted,Undrafted,Undrafted
10759,Undrafted,Undrafted,Undrafted
10760,1988,1,15
10761,2014,1,19
10762,Undrafted,Undrafted,Undrafted
10763,1990,1,2
10764,Undrafted,Undrafted,Undrafted
10765,1995,1,11
10766,Undrafted,Undrafted,Undrafted
10767,1994,2,34
10768,Undrafted,Undrafted,Undrafted
10769,2008,1,26
10770,2018,2,59
10771,1993,1,12
10772,1989,1,7
10773,1995,1,22
10774,2016,2,50
10775,2016,1,13
10776,Undrafted,Undrafted,Undrafted
10777,Undrafted,Undrafted,Undrafted
10778,2005,1,18
10779,2009,1,12
10780,Undrafted,Undrafted,Undrafted
10781,2001,1,25
10782,1985,2,47
10783,Undrafted,Undrafted,Undrafted
10784,1993,2,30
10785,Undrafted,Undrafted,Undrafted
10786,2013,1,15
10787,Undrafted,Undrafted,Undrafted
10788,2001,2,30
10789,2007,2,35
10790,1989,1,4
10791,1994,1,1
10792,2014,2,40
10793,1997,2,45
10794,2019,1,18
10795,2008,2,45
10796,1999,2,40
10797,2010,1,9
10798,2013,1,21
10799,1994,1,3
10800,2013,2,40
10801,1988,2,33
10802,2019,1,22
10803,2018,1,21
10804,1987,1,23
10805,1991,1,12
10806,1998,2,53
10807,1986,2,26
10808,1990,2,35
10809,1993,1,17
10810,1994,1,25
10811,2010,1,7
10812,2007,1,1
10813,1995,1,28
10814,Undrafted,Undrafted,Undrafted
10815,Undrafted,Undrafted,Undrafted
10816,2010,1,28
10817,2016,1,16
10818,2006,2,52
10819,Undrafted,Undrafted,Undrafted
10820,1999,Undrafted,Undrafted
10821,2004,2,46
10822,1984,1,1
10823,2005,1,19
10824,2010,2,56
10825,Undrafted,Undrafted,Undrafted
10826,2018,2,45
10827,2000,2,40
10828,Undrafted,Undrafted,Undrafted
10829,Undrafted,Undrafted,Undrafted
10830,2012,1,7
10831,2017,1,20
10832,1988,1,12
10833,2009,1,2
10834,2006,2,54
10835,2010,2,33
10836,Undrafted,Undrafted,Undrafted
10837,1989,2,49
10838,2000,1,16
10839,2016,1,18
10840,Undrafted,Undrafted,Undrafted
10841,Undrafted,Undrafted,Undrafted
10842,2008,2,47
10843,1981,1,14
10844,1988,1,6
10845,2006,1,12
10846,Undrafted,Undrafted,Undrafted
10847,Undrafted,Undrafted,Undrafted
10848,1987,1,10
10849,Undrafted,Undrafted,Undrafted
10850,Undrafted,Undrafted,Undrafted
10851,1985,2,45
10852,1994,2,30
10853,1992,1,20
10854,Undrafted,Undrafted,Undrafted
10855,2005,1,28
10856,Undrafted,Undrafted,Undrafted
10857,2019,2,47
10858,2000,2,51
10859,2017,2,47
10860,1991,2,48
10861,2005,1,9
10862,Undrafted,Undrafted,Undrafted
10863,2011,1,17
10864,Undrafted,Undrafted,Undrafted
10865,Undrafted,Undrafted,Undrafted
10866,Undrafted,Undrafted,Undrafted
10867,2018,2,39
10868,Undrafted,Undrafted,Undrafted
10869,Undrafted,Undrafted,Undrafted
10870,2013,2,34
10871,2017,2,43
10872,Undrafted,Undrafted,Undrafted
10873,1993,1,5
10874,2019,2,45
10875,Undrafted,Undrafted,Undrafted
10876,2011,2,60
10877,2016,2,42
10878,Undrafted,Undrafted,Undrafted
10879,Undrafted,Undrafted,Undrafted
10880,Undrafted,Undrafted,Undrafted
10881,2017,2,35
10882,1994,Undrafted,Undrafted
10883,2016,2,32
10884,Undrafted,Undrafted,Undrafted
10885,Undrafted,Undrafted,Undrafted
10886,Undrafted,Undrafted,Undrafted
10887,2008,1,30
10888,1998,2,56
10889,1989,1,5
10890,2008,1,19
10891,Undrafted,Undrafted,Undrafted
10892,2006,1,11
10893,2004,1,18
10894,2019,1,2
10895,2011,1,27
10896,Undrafted,Undrafted,Undrafted
10897,Undrafted,Undrafted,Undrafted
10898,2008,1,18
10899,2017,2,56
10900,Undrafted,Undrafted,Undrafted
10901,2014,1,2
10902,2000,2,45
10903,Undrafted,Undrafted,Undrafted
10904,1987,4,79
10905,Undrafted,Undrafted,Undrafted
10906,2004,2,31
10907,2018,1,28
10908,Undrafted,Undrafted,Undrafted
10909,Undrafted,Undrafted,Undrafted
10910,1997,1,27
10911,2012,2,34
10912,1998,2,43
10913,2015,1,3
10914,2016,2,47
10915,2000,1,25
10916,2000,2,33
10917,2016,1,9
10918,2018,2,33
10919,Undrafted,Undrafted,Undrafted
10920,Undrafted,Undrafted,Undrafted
10921,2019,2,52
10922,1994,1,13
10923,2013,2,41
10924,2000,1,19
10925,2001,1,27
10926,2000,1,8
10927,1993,1,4
10928,2016,1,7
10929,1997,Undrafted,Undrafted
10930,2002,2,46
10931,Undrafted,Undrafted,Undrafted
10932,Undrafted,Undrafted,Undrafted
10933,2004,1,20
10934,Undrafted,Undrafted,Undrafted
10935,Undrafted,Undrafted,Undrafted
10936,2010,1,20
10937,2006,2,41
10938,1997,2,36
10939,1997,2,32
10940,2013,2,50
10941,2009,1,3
10942,2009,1,16
10943,2003,2,49
10944,2003,2,48
10945,Undrafted,Undrafted,Undrafted
10946,Undrafted,Undrafted,Undrafted
10947,1999,1,18
10948,1993,1,21
10949,Undrafted,Undrafted,Undrafted
10950,Undrafted,Undrafted,Undrafted
10951,Undrafted,Undrafted,Undrafted
10952,Undrafted,Undrafted,Undrafted
10953,Undrafted,Undrafted,Undrafted
10954,2006,2,31
10955,2014,1,17
10956,2007,2,51
10957,1996,2,48
10958,1994,2,47
10959,Undrafted,Undrafted,Undrafted
10960,2001,2,40
10961,2011,1,6
10962,Undrafted,Undrafted,Undrafted
10963,2012,1,24
10964,2007,1,22
10965,Undrafted,Undrafted,Undrafted
10966,2002,1,11
10967,Undrafted,Undrafted,Undrafted
10968,2012,1,21
10969,Undrafted,Undrafted,Undrafted
10970,Undrafted,Undrafted,Undrafted
10971,2015,1,25
10972,Undrafted,Undrafted,Undrafted
10973,2018,1,4
10974,2014,2,35
10975,2017,2,59
10976,2018,2,41
10977,2019,2,50
10978,2017,1,22
10979,2019,1,6
10980,2005,1,22
10981,Undrafted,Undrafted,Undrafted
10982,2001,2,52
10983,2003,1,10
10984,2010,2,41
10985,1995,1,20
10986,2000,1,15
10987,2001,1,18
10988,2000,2,49
10989,2003,2,31
10990,1994,1,2
10991,1997,2,41
10992,2005,1,26
10993,Undrafted,Undrafted,Undrafted
10994,2001,1,5
10995,1996,2,41
10996,2007,1,20
10997,1999,1,10
10998,2008,1,12
10999,1998,1,7
11000,2007,1,19
11001,Undrafted,Undrafted,Undrafted
11002,Undrafted,Undrafted,Undrafted
11003,2017,2,39
11004,2019,1,8
11005,2002,1,2
11006,Undrafted,Undrafted,Undrafted
11007,2016,1,3
11008,Undrafted,Undrafted,Undrafted
11009,Undrafted,Undrafted,Undrafted
11010,2019,2,43
11011,2017,1,3
11012,1990,1,21
11013,Undrafted,Undrafted,Undrafted
11014,2009,2,31
11015,Undrafted,Undrafted,Undrafted
11016,1999,1,21
11017,1988,1,13
11018,2007,1,5
11019,1986,2,46
11020,1996,2,37
11021,1996,2,53
11022,Undrafted,Undrafted,Undrafted
11023,2009,1,19
11024,2001,2,35
11025,2013,2,39
11026,2012,2,31
11027,1998,2,33
11028,Undrafted,Undrafted,Undrafted
11029,1997,2,38
11030,2014,2,39
11031,Undrafted,Undrafted,Undrafted
11032,Undrafted,Undrafted,Undrafted
11033,2010,2,55
11034,2012,1,12
11035,Undrafted,Undrafted,Undrafted
11036,Undrafted,Undrafted,Undrafted
11037,Undrafted,Undrafted,Undrafted
11038,2011,2,39
11039,2015,1,19
11040,Undrafted,Undrafted,Undrafted
11041,1996,1,17
11042,2009,2,32
11043,2007,2,36
11044,1995,2,49
11045,2003,2,33
11046,Undrafted,Undrafted,Undrafted
11047,1998,2,36
11048,2010,2,44
11049,1984,2,46
11050,2000,1,11
11051,2018,1,13
11052,1996,1,26
11053,Undrafted,Undrafted,Undrafted
11054,1963,2,12
11055,1995,1,3
11056,2008,1,11
11057,2001,1,22
11058,2018,2,32
11059,1992,1,4
11060,1994,2,32
11061,2011,1,10
11062,2011,1,30
11063,Undrafted,Undrafted,Undrafted
11064,1995,2,35
11065,1991,2,39
11066,2002,1,16
11067,2007,1,9
11068,2009,2,41
11069,2008,1,8
11070,Undrafted,Undrafted,Undrafted
11071,Undrafted,Undrafted,Undrafted
11072,2008,2,58
11073,Undrafted,Undrafted,Undrafted
11074,1985,1,18
11075,2014,2,33
11076,Undrafted,Undrafted,Undrafted
11077,2001,1,10
11078,1985,1,6
11079,1995,1,1
11080,Undrafted,Undrafted,Undrafted
11081,1987,1,13
11082,2015,2,43
11083,Undrafted,Undrafted,Undrafted
11084,2016,2,52
11085,2014,1,3
11086,2006,1,30
11087,2000,1,9
11088,2008,2,33
11089,2005,1,16
11090,2013,2,55
11091,2005,1,25
11092,Undrafted,Undrafted,Undrafted
11093,1999,2,30
11094,Undrafted,Undrafted,Undrafted
11095,2017,1,19
11096,Undrafted,Undrafted,Undrafted
11097,Undrafted,Undrafted,Undrafted
11098,2012,1,14
11099,Undrafted,Undrafted,Undrafted
11100,2012,1,23
11101,Undrafted,Undrafted,Undrafted
11102,1978,2,29
11103,Undrafted,Undrafted,Undrafted
11104,1986,1,11
11105,2002,1,26
11106,Undrafted,Undrafted,Undrafted
11107,1984,1,16
11108,1997,1,25
11109,2010,1,1
11110,1996,1,18
11111,Undrafted,Undrafted,Undrafted
11112,Undrafted,Undrafted,Undrafted
11113,1986,2,29
11114,2014,2,36
11115,1997,1,17
11116,1992,1,21
11117,2009,2,38
11118,2011,2,40
11119,2017,2,36
11120,2009,2,39
11121,2011,1,5
11122,1999,1,5
11123,Undrafted,Undrafted,Undrafted
11124,2017,1,6
11125,Undrafted,Undrafted,Undrafted
11126,Undrafted,Undrafted,Undrafted
11127,2009,1,6
11128,2014,1,22
11129,2017,2,38
11130,2019,2,57
11131,2014,2,46
11132,2010,1,27
11133,2006,1,26
11134,2011,1,26
11135,2009,1,8
11136,Undrafted,Undrafted,Undrafted
11137,Undrafted,Undrafted,Undrafted
11138,2014,2,58
11139,2015,2,33
11140,2019,1,28
11141,Undrafted,Undrafted,Undrafted
11142,2011,2,36
11143,Undrafted,Undrafted,Undrafted
11144,Undrafted,Undrafted,Undrafted
11145,Undrafted,Undrafted,Undrafted
11146,2001,1,21
11147,Undrafted,Undrafted,Undrafted
11148,2006,1,23
11149,2004,1,6
11150,Undrafted,Undrafted,Undrafted
11151,Undrafted,Undrafted,Undrafted
11152,2011,2,45
11153,2017,1,30
11154,2003,1,29
11155,2014,1,29
11156,2017,1,4
11157,Undrafted,Undrafted,Undrafted
11158,2007,2,37
11159,2018,1,20
11160,Undrafted,Undrafted,Undrafted
11161,Undrafted,Undrafted,Undrafted
11162,2015,2,40
11163,2011,2,49
11164,2004,1,17
11165,2009,1,17
11166,2002,2,39
11167,2002,1,17
11168,Undrafted,Undrafted,Undrafted
11169,2016,1,15
11170,Undrafted,Undrafted,Undrafted
11171,1990,2,38
11172,Undrafted,Undrafted,Undrafted
11173,2007,1,13
11174,2005,1,20
11175,2014,1,7
11176,Undrafted,Undrafted,Undrafted
11177,1999,1,27
11178,Undrafted,Undrafted,Undrafted
11179,2015,1,21
11180,Undrafted,Undrafted,Undrafted
11181,2012,2,45
11182,2011,2,32
11183,Undrafted,Undrafted,Undrafted
11184,2017,1,15
11185,2019,2,40
11186,2017,1,16
11187,2004,2,40
11188,Undrafted,Undrafted,Undrafted
11189,Undrafted,Undrafted,Undrafted
11190,2019,2,53
11191,2015,1,10
11192,2014,1,16
11193,1994,1,5
11194,Undrafted,Undrafted,Undrafted
11195,2014,2,32
11196,2019,2,32
11197,2017,2,53
11198,Undrafted,Undrafted,Undrafted
11199,2000,2,50
11200,2002,1,20
11201,1985,1,13
11202,2015,1,1
11203,Undrafted,Undrafted,Undrafted
11204,2011,1,15
11205,2016,2,54
11206,1997,2,35
11207,2001,1,11
11208,2018,2,48
11209,Undrafted,Undrafted,Undrafted
11210,Undrafted,Undrafted,Undrafted
11211,2011,2,48
11212,2003,2,43
11213,1997,1,28
11214,Undrafted,Undrafted,Undrafted
11215,Undrafted,Undrafted,Undrafted
11216,Undrafted,Undrafted,Undrafted
11217,Undrafted,Undrafted,Undrafted
11218,1997,1,2
11219,Undrafted,Undrafted,Undrafted
11220,2019,1,29
11221,Undrafted,Undrafted,Undrafted
11222,Undrafted,Undrafted,Undrafted
11223,2013,1,13
11224,2015,1,15
11225,1997,1,15
11226,2011,1,9
11227,2001,2,48
11228,1987,1,19
11229,1990,1,5
11230,2012,1,13
11231,Undrafted,Undrafted,Undrafted
11232,2003,1,27
11233,2011,1,22
11234,1991,1,2
11235,2001,2,53
11236,1987,1,6
11237,1999,1,22
11238,Undrafted,Undrafted,Undrafted
11239,Undrafted,Undrafted,Undrafted
11240,2013,1,8
11241,2000,1,1
11242,1998,1,13
11243,1996,1,8
11244,Undrafted,Undrafted,Undrafted
11245,1986,2,33
11246,2007,1,2
11247,1988,1,20
11248,1987,3,63
11249,1995,1,5
11250,2018,2,57
11251,2018,1,19
11252,1987,1,7
11253,Undrafted,Undrafted,Undrafted
11254,2018,1,9
11255,2008,1,5
11256,2004,1,26
11257,2012,2,47
11258,Undrafted,Undrafted,Undrafted
11259,2019,1,30
11260,Undrafted,Undrafted,Undrafted
11261,2010,1,17
11262,1984,1,11
11263,Undrafted,Undrafted,Undrafted
11264,2015,1,30
11265,2000,1,10
11266,2000,2,34
11267,1994,1,12
11268,Undrafted,Undrafted,Undrafted
11269,2012,2,39
11270,2018,2,38
11271,2012,2,44
11272,2001,1,16
11273,2003,1,7
11274,Undrafted,Undrafted,Undrafted
11275,2004,1,16
11276,Undrafted,Undrafted,Undrafted
11277,2011,1,11
11278,1996,1,13
11279,Undrafted,Undrafted,Undrafted
11280,1998,2,40
11281,Undrafted,Undrafted,Undrafted
11282,2008,1,23
11283,2006,2,38
11284,2018,2,60
11285,2012,2,48
11286,2016,1,5
11287,2004,1,14
11288,2012,2,51
11289,2015,1,4
11290,1995,1,10
11291,2001,1,1
11292,Undrafted,Undrafted,Undrafted
11293,2014,1,30
11294,Undrafted,Undrafted,Undrafted
11295,2019,2,55
11296,2003,2,51
11297,2017,1,27
11298,2006,1,24
11299,2012,2,49
11300,2011,2,33
11301,2008,2,38
11302,Undrafted,Undrafted,Undrafted
11303,2011,1,1
11304,2007,2,38
11305,2006,1,2
11306,1992,1,5
11307,1982,1,5
11308,1999,1,4
11309,2014,2,48
11310,1994,1,7
11311,Undrafted,Undrafted,Undrafted
11312,2010,2,40
11313,Undrafted,Undrafted,Undrafted
11314,2010,2,39
11315,2018,1,26
11316,Undrafted,Undrafted,Undrafted
11317,1999,2,49
11318,1999,2,38
11319,Undrafted,Undrafted,Undrafted
11320,1998,1,8
11321,1991,1,1
11322,1986,2,28
11323,2015,1,27
11324,Undrafted,Undrafted,Undrafted
11325,Undrafted,Undrafted,Undrafted
11326,2010,1,15
11327,Undrafted,Undrafted,Undrafted
11328,1992,1,24
11329,2017,1,7
11330,2000,2,39
11331,2011,2,50
11332,1994,2,51
11333,1995,2,36
11334,2005,2,55
11335,2010,1,30
11336,Undrafted,Undrafted,Undrafted
11337,2003,1,1
11338,2003,1,28
11339,1988,2,36
11340,1992,1,23
11341,1999,2,43
11342,2006,2,49
11343,1999,1,29
11344,2009,2,58
11345,2005,1,27
11346,1993,1,10
11347,Undrafted,Undrafted,Undrafted
11348,2004,2,33
11349,1990,1,7
11350,1992,2,39
11351,Undrafted,Undrafted,Undrafted
11352,Undrafted,Undrafted,Undrafted
11353,2018,1,18
11354,2002,2,43
11355,2017,1,2
11356,1995,1,24
11357,2001,2,45
11358,1996,1,7
11359,2013,2,52
11360,Undrafted,Undrafted,Undrafted
11361,Undrafted,Undrafted,Undrafted
11362,1995,2,30
11363,2005,2,45
11364,Undrafted,Undrafted,Undrafted
11365,1990,1,13
11366,1991,1,7
11367,2008,2,37
11368,2013,1,16
11369,1993,2,28
11370,Undrafted,Undrafted,Undrafted
11371,2004,2,55
11372,Undrafted,Undrafted,Undrafted
11373,2002,2,55
11374,2018,1,3
11375,2019,1,19
11376,2010,1,16
11377,2010,2,52
11378,2004,1,10
11379,2017,1,12
11380,Undrafted,Undrafted,Undrafted
11381,2003,1,14
11382,Undrafted,Undrafted,Undrafted
11383,2003,2,32
11384,Undrafted,Undrafted,Undrafted
11385,2004,1,7
11386,2005,1,24
11387,Undrafted,Undrafted,Undrafted
11388,Undrafted,Undrafted,Undrafted
11389,1998,2,58
11390,2003,2,30
11391,1990,1,3
11392,2016,1,22
11393,2016,2,36
11394,Undrafted,Undrafted,Undrafted
11395,2011,2,43
11396,Undrafted,Undrafted,Undrafted
11397,Undrafted,Undrafted,Undrafted
11398,Undrafted,Undrafted,Undrafted
11399,2016,1,19
11400,2008,2,48
11401,2017,1,11
11402,Undrafted,Undrafted,Undrafted
11403,1996,2,44
11404,1992,1,14
11405,2000,1,26
11406,Undrafted,Undrafted,Undrafted
11407,Undrafted,Undrafted,Undrafted
11408,1999,2,57
11409,2011,1,25
11410,2007,2,48
11411,1997,2,37
11412,Undrafted,Undrafted,Undrafted
11413,2005,2,57
11414,2007,1,18
11415,2003,1,13
11416,1996,2,46
11417,1996,1,2
11418,Undrafted,Undrafted,Undrafted
11419,Undrafted,Undrafted,Undrafted
11420,2000,1,4
11421,Undrafted,Undrafted,Undrafted
11422,2002,1,13
11423,Undrafted,Undrafted,Undrafted
11424,2011,1,14
11425,2011,1,14
11426,2016,2,55
11427,2014,1,6
11428,2009,2,43
11429,2006,2,43
11430,2006,1,22
11431,2006,1,29
11432,2019,2,54
11433,1995,1,27
11434,2008,2,34
11435,1985,7,160
11436,2015,1,5
11437,2002,2,40
11438,Undrafted,Undrafted,Undrafted
11439,Undrafted,Undrafted,Undrafted
11440,1997,2,54
11441,Undrafted,Undrafted,Undrafted
11442,1988,1,21
11443,1995,2,48
11444,1996,2,31
11445,1987,1,18
11446,2004,4,82
11447,1991,1,8
11448,2000,1,29
11449,1996,2,52
11450,1986,2,25
11451,Undrafted,Undrafted,Undrafted
11452,1983,2,30
11453,2014,2,44
11454,2017,1,1
11455,2011,1,13
11456,Undrafted,Undrafted,Undrafted
11457,2000,2,30
11458,1997,2,33
11459,Undrafted,Undrafted,Undrafted
11460,Undrafted,Undrafted,Undrafted
11461,2016,1,8
11462,Undrafted,Undrafted,Undrafted
11463,2012,1,29
11464,2008,1,16
11465,Undrafted,Undrafted,Undrafted
11466,2005,1,6
11467,1995,2,50
11468,1996,1,25
11469,Undrafted,Undrafted,Undrafted
11470,2005,2,44
11471,2018,1,2
11472,2005,1,2
11473,2013,1,22
11474,2000,1,14
11475,2019,1,20
11476,2002,2,45
11477,2003,2,45
11478,Undrafted,Undrafted,Undrafted
11479,Undrafted,Undrafted,Undrafted
11480,Undrafted,Undrafted,Undrafted
11481,1992,2,50
11482,2004,2,53
11483,1992,2,42
11484,1998,1,15
11485,Undrafted,Undrafted,Undrafted
11486,Undrafted,Undrafted,Undrafted
11487,1992,2,52
11488,Undrafted,Undrafted,Undrafted
11489,Undrafted,Undrafted,Undrafted
11490,Undrafted,Undrafted,Undrafted
11491,Undrafted,Undrafted,Undrafted
11492,2006,1,28
11493,Undrafted,Undrafted,Undrafted
11494,Undrafted,Undrafted,Undrafted
11495,Undrafted,Undrafted,Undrafted
11496,2012,1,15
11497,Undrafted,Undrafted,Undrafted
11498,1997,1,14
11499,Undrafted,Undrafted,Undrafted
11500,Undrafted,Undrafted,Undrafted
11501,2001,2,37
11502,Undrafted,Undrafted,Undrafted
11503,2002,1,12
11504,2018,2,35
11505,Undrafted,Undrafted,Undrafted
11506,Undrafted,Undrafted,Undrafted
11507,1999,1,16
11508,2012,1,11
11509,2019,1,27
11510,2008,1,2
11511,2001,1,17
11512,1984,1,14
11513,2013,1,11
11514,Undrafted,Undrafted,Undrafted
11515,1998,1,14
11516,1998,1,12
11517,1995,1,21
11518,Undrafted,Undrafted,Undrafted
11519,2016,2,49
11520,Undrafted,Undrafted,Undrafted
11521,1984,1,3
11522,2012,1,2
11523,1995,2,55
11524,1998,1,1
11525,2018,1,14
11526,2000,2,43
11527,1999,2,32
11528,1994,2,35
11529,Undrafted,Undrafted,Undrafted
11530,2003,1,9
11531,1988,2,48
11532,2005,2,48
11533,2003,1,11
11534,Undrafted,Undrafted,Undrafted
11535,2018,1,10
11536,Undrafted,Undrafted,Undrafted
11537,1998,1,2
11538,1985,3,69
11539,2007,1,4
11540,2002,1,3
11541,Undrafted,Undrafted,Undrafted
11542,Undrafted,Undrafted,Undrafted
11543,Undrafted,Undrafted,Undrafted
11544,2000,1,5
11545,2013,2,44
11546,Undrafted,Undrafted,Undrafted
11547,2012,2,43
11548,2000,2,35
11549,2008,2,55
11550,Undrafted,Undrafted,Undrafted
11551,Undrafted,Undrafted,Undrafted
11552,Undrafted,Undrafted,Undrafted
11553,2005,2,43
11554,2018,1,12
11555,2012,1,26
11556,1998,2,42
11557,Undrafted,Undrafted,Undrafted
11558,Undrafted,Undrafted,Undrafted
11559,Undrafted,Undrafted,Undrafted
11560,Undrafted,Undrafted,Undrafted
11561,Undrafted,Undrafted,Undrafted
11562,1998,1,18
11563,Undrafted,Undrafted,Undrafted
11564,2014,1,21
11565,1988,1,5
11566,Undrafted,Undrafted,Undrafted
11567,Undrafted,Undrafted,Undrafted
11568,2018,2,36
11569,2019,2,58
11570,2018,1,6
11571,2003,2,47
11572,2005,2,40
11573,2017,2,51
11574,2015,2,32
11575,1994,1,24
11576,1996,2,33
11577,1989,1,12
11578,2018,1,25
11579,2007,1,25
11580,2000,1,21
11581,Undrafted,Undrafted,Undrafted
11582,2006,1,10
11583,1987,1,12
11584,Undrafted,Undrafted,Undrafted
11585,Undrafted,Undrafted,Undrafted
11586,Undrafted,Undrafted,Undrafted
11587,Undrafted,Undrafted,Undrafted
11588,2015,1,11
11589,2009,2,53
11590,2019,1,25
11591,Undrafted,Undrafted,Undrafted
11592,Undrafted,Undrafted,Undrafted
11593,1986,2,30
11594,2005,1,21
11595,2013,2,38
11596,2008,2,41
11597,Undrafted,Undrafted,Undrafted
11598,Undrafted,Undrafted,Undrafted
11599,1998,1,29
11600,2003,1,26
11601,1990,2,31
11602,2010,2,35
11603,2013,1,30
11604,2002,1,24
11605,2002,1,7
11606,2013,1,6
11607,1989,1,11
11608,2009,2,45
11609,2003,1,12
11610,2007,2,34
11611,2014,2,42
11612,1993,2,37
11613,2007,1,16
11614,2019,1,17
11615,2008,1,25
11616,Undrafted,Undrafted,Undrafted
11617,2019,2,31
11618,Undrafted,Undrafted,Undrafted
11619,Undrafted,Undrafted,Undrafted
11620,Undrafted,Undrafted,Undrafted
11621,2017,2,55
11622,2014,1,8
11623,2014,2,41
11624,2011,1,23
11625,2008,2,31
11626,2011,1,16
11627,2002,1,5
11628,2014,1,9
11629,Undrafted,Undrafted,Undrafted
11630,2011,1,21
11631,2015,2,46
11632,Undrafted,Undrafted,Undrafted
11633,2011,1,28
11634,Undrafted,Undrafted,Undrafted
11635,2008,1,3
11636,2017,1,23
11637,1999,2,37
11638,2012,2,52
11639,Undrafted,Undrafted,Undrafted
11640,1987,1,8
11641,2006,1,18
11642,Undrafted,Undrafted,Undrafted
11643,1992,1,22
11644,2000,2,42
11645,2001,2,31
11646,Undrafted,Undrafted,Undrafted
11647,2018,1,30
11648,2008,2,36
11649,2009,1,23
11650,2005,2,53
11651,2012,2,36
11652,Undrafted,Undrafted,Undrafted
11653,Undrafted,Undrafted,Undrafted
11654,1996,2,30
11655,Undrafted,Undrafted,Undrafted
11656,Undrafted,Undrafted,Undrafted
11657,1984,1,9
11658,2013,1,3
11659,1992,2,29
11660,2006,2,35
11661,2019,1,12
11662,Undrafted,Undrafted,Undrafted
11663,2014,1,26
11664,2006,2,35
11665,Undrafted,Undrafted,Undrafted
11666,2004,2,47
11667,2010,2,53
11668,2016,1,27
11669,Undrafted,Undrafted,Undrafted
11670,2015,2,41
11671,1998,1,19
11672,Undrafted,Undrafted,Undrafted
11673,2009,2,42
11674,Undrafted,Undrafted,Undrafted
11675,1985,1,1
11676,2016,2,38
11677,2006,1,9
11678,2010,1,14
11679,2009,2,55
11680,2001,1,3
11681,2006,2,34
11682,2010,1,10
11683,1997,1,20
11684,Undrafted,Undrafted,Undrafted
11685,2006,2,47
11686,1998,1,10
11687,Undrafted,Undrafted,Undrafted
11688,Undrafted,Undrafted,Undrafted
11689,2016,2,48
11690,2004,1,21
11691,1996,1,14
11692,Undrafted,Undrafted,Undrafted
11693,Undrafted,Undrafted,Undrafted
11694,2012,1,28
11695,1989,1,1
11696,1991,1,27
11697,1986,6,120
11698,Undrafted,Undrafted,Undrafted
11699,2004,2,32
11700,2013,2,56
11701,Undrafted,Undrafted,Undrafted
11702,2013,2,42
11703,Undrafted,Undrafted,Undrafted
11704,1989,1,10
11705,1992,2,41
11706,Undrafted,Undrafted,Undrafted
11707,1997,2,48
11708,Undrafted,Undrafted,Undrafted
11709,1996,1,28
11710,2000,1,27
11711,2000,1,18
11712,2012,2,37
11713,2006,1,19
11714,1999,1,19
11715,2012,2,38
11716,2010,1,26
11717,Undrafted,Undrafted,Undrafted
11718,2019,2,49
11719,Undrafted,Undrafted,Undrafted
11720,2002,1,21
11721,2019,1,3
11722,2015,1,28
11723,1998,1,3
11724,1986,2,39
11725,2004,1,8
11726,1998,2,39
11727,Undrafted,Undrafted,Undrafted
11728,2006,1,21
11729,2015,2,36
11730,2007,2,56
11731,1999,Undrafted,Undrafted
11732,1995,1,19
11733,Undrafted,Undrafted,Undrafted
11734,1991,2,31
11735,2006,1,7
11736,2002,2,56
11737,1996,2,42
11738,2005,1,14
11739,2015,1,17
11740,1998,2,32
11741,1995,1,4
11742,1998,1,17
11743,2002,2,52
11744,Undrafted,Undrafted,Undrafted
11745,2001,1,24
11746,2013,2,47
11747,Undrafted,Undrafted,Undrafted
11748,Undrafted,Undrafted,Undrafted
11749,1996,1,5
11750,2013,2,36
11751,Undrafted,Undrafted,Undrafted
11752,2018,2,56
11753,Undrafted,Undrafted,Undrafted
11754,2005,1,5
11755,2003,1,15
11756,2013,1,25
11757,Undrafted,Undrafted,Undrafted
11758,1996,2,56
11759,1998,Undrafted,Undrafted
11760,Undrafted,Undrafted,Undrafted
11761,2011,1,24
11762,Undrafted,Undrafted,Undrafted
11763,1987,1,11
11764,Undrafted,Undrafted,Undrafted
11765,1987,1,4
11766,2006,1,20
11767,Undrafted,Undrafted,Undrafted
11768,1988,1,8
11769,1993,1,16
11770,1999,1,7
11771,2001,1,13
11772,1993,2,40
11773,2015,2,37
11774,Undrafted,Undrafted,Undrafted
11775,Undrafted,Undrafted,Undrafted
11776,1991,1,24
11777,Undrafted,Undrafted,Undrafted
11778,1980,2,35
11779,1998,1,21
11780,2013,2,43
11781,1982,1,18
11782,2009,1,5
11783,1988,1,2
11784,Undrafted,Undrafted,Undrafted
11785,2012,2,58
11786,2002,2,31
11787,Undrafted,Undrafted,Undrafted
11788,Undrafted,Undrafted,Undrafted
11789,1992,1,11
11790,Undrafted,Undrafted,Undrafted
11791,1976,1,8
11792,2012,2,60
11793,2004,1,12
11794,1998,1,6
11795,1992,2,46
11796,2005,2,51
11797,2018,1,27
11798,2008,1,15
11799,1988,1,19
11800,2018,2,40
11801,1999,2,53
11802,2006,1,16
11803,2014,1,23
11804,Undrafted,Undrafted,Undrafted
11805,Undrafted,Undrafted,Undrafted
11806,1993,1,9
11807,2007,1,15
11808,2001,1,9
11809,1997,1,24
11810,2009,1,25
11811,2002,2,30
11812,Undrafted,Undrafted,Undrafted
11813,2005,2,41
11814,2019,1,14
11815,Undrafted,Undrafted,Undrafted
11816,1986,1,8
11817,1997,1,6
11818,Undrafted,Undrafted,Undrafted
11819,2015,1,23
11820,2006,1,14
11821,Undrafted,Undrafted,Undrafted
11822,2005,2,37
11823,1988,1,9
11824,1998,1,20
11825,2008,1,17
11826,1996,1,22
11827,2004,2,37
11828,Undrafted,Undrafted,Undrafted
11829,2012,1,16
11830,2001,2,49
11831,Undrafted,Undrafted,Undrafted
11832,Undrafted,Undrafted,Undrafted
11833,1998,2,31
11834,Undrafted,Undrafted,Undrafted
11835,2007,1,24
11836,2006,1,8
11837,2013,1,27
11838,2019,1,9
11839,1990,1,10
11840,2014,2,47
11841,2008,1,4
11842,Undrafted,Undrafted,Undrafted
11843,2008,1,21
11844,Undrafted,Undrafted,Undrafted
11845,1998,2,55
11846,Undrafted,Undrafted,Undrafted
11847,2005,2,50
11848,2006,2,50
11849,2002,1,19
11850,2013,2,48
11851,2010,2,57
11852,1999,2,45
11853,1998,2,48
11854,Undrafted,Undrafted,Undrafted
11855,2005,2,31
11856,1993,1,24
11857,2015,1,18
11858,1998,1,26
11859,Undrafted,Undrafted,Undrafted
11860,1985,3,54
11861,1984,1,4
11862,2009,2,36
11863,1996,1,9
11864,Undrafted,Undrafted,Undrafted
11865,2001,1,26
11866,Undrafted,Undrafted,Undrafted
11867,1987,6,127
11868,1992,2,43
11869,2008,2,56
11870,2003,1,19
11871,2004,1,27
11872,1997,1,19
11873,Undrafted,Undrafted,Undrafted
11874,1993,1,20
11875,Undrafted,Undrafted,Undrafted
11876,1999,1,28
11877,Undrafted,Undrafted,Undrafted
11878,1987,1,5
11879,Undrafted,Undrafted,Undrafted
11880,Undrafted,Undrafted,Undrafted
11881,1989,1,3
11882,1990,2,54
11883,Undrafted,Undrafted,Undrafted
11884,2001,2,44
11885,1998,2,44
11886,2005,1,13
11887,1992,2,30
11888,2008,2,42
11889,2007,1,17
11890,2004,1,13
11891,1983,6,139
11892,2019,1,15
11893,2014,2,55
11894,2017,2,37
11895,2008,2,60
11896,2008,1,24
11897,2004,1,23
11898,2013,1,19
11899,2006,1,27
11900,Undrafted,Undrafted,Undrafted
11901,2013,1,14
11902,2014,1,24
11903,2018,1,11
11904,2018,2,54
11905,1998,2,34
11906,Undrafted,Undrafted,Undrafted
11907,1996,2,54
11908,2001,1,6
11909,Undrafted,Undrafted,Undrafted
11910,Undrafted,Undrafted,Undrafted
11911,2013,1,18
11912,2006,1,25
11913,Undrafted,Undrafted,Undrafted
11914,1992,1,1
11915,1996,1,3
11916,1994,1,6
11917,Undrafted,Undrafted,Undrafted
11918,2004,1,4
11919,Undrafted,Undrafted,Undrafted
11920,1993,1,2
11921,1989,1,17
11922,Undrafted,Undrafted,Undrafted
11923,1999,1,9
11924,1995,1,8
11925,2006,1,17
11926,1994,2,43
11927,Undrafted,Undrafted,Undrafted
11928,Undrafted,Undrafted,Undrafted
11929,2006,1,5
11930,Undrafted,Undrafted,Undrafted
11931,2011,2,34
11932,1989,2,28
11933,Undrafted,Undrafted,Undrafted
11934,Undrafted,Undrafted,Undrafted
11935,2017,2,48
11936,2016,1,28
11937,Undrafted,Undrafted,Undrafted
11938,2003,2,39
11939,Undrafted,Undrafted,Undrafted
11940,2010,2,50
11941,2013,1,23
11942,2006,2,33
11943,2008,2,39
11944,2000,2,36
11945,2000,1,20
11946,2014,2,38
11947,2007,1,10
11948,1985,4,87
11949,1991,1,9
11950,1989,1,6
11951,2015,1,8
11952,1991,1,23
11953,Undrafted,Undrafted,Undrafted
11954,2007,2,46
11955,2009,1,7
11956,Undrafted,Undrafted,Undrafted
11957,Undrafted,Undrafted,Undrafted
11958,1997,2,42
11959,2016,2,41
11960,1996,1,4
11961,2017,2,46
11962,2003,2,38
11963,1999,1,2
11964,Undrafted,Undrafted,Undrafted
11965,1996,2,38
11966,1990,2,44
11967,1988,2,50
11968,1996,1,15
11969,2006,2,32
11970,1990,2,39
11971,2013,1,12
11972,Undrafted,Undrafted,Undrafted
11973,2001,1,15
11974,1991,1,5
11975,Undrafted,Undrafted,Undrafted
11976,Undrafted,Undrafted,Undrafted
11977,2000,1,2
11978,2007,2,40
11979,Undrafted,Undrafted,Undrafted
11980,2018,2,47
11981,2003,1,8
11982,Undrafted,Undrafted,Undrafted
11983,2014,1,14
11984,2017,1,18
11985,2014,1,14
11986,Undrafted,Undrafted,Undrafted
11987,Undrafted,Undrafted,Undrafted
11988,2009,1,26
11989,2019,2,46
11990,2002,2,53
11991,Undrafted,Undrafted,Undrafted
11992,Undrafted,Undrafted,Undrafted
11993,Undrafted,Undrafted,Undrafted
11994,1997,1,11
11995,Undrafted,Undrafted,Undrafted
11996,2007,2,52
11997,2016,1,12
11998,2009,2,48
11999,2002,1,23
12000,2019,2,48
12001,Undrafted,Undrafted,Undrafted
12002,2001,2,33
12003,2017,1,21
12004,Undrafted,Undrafted,Undrafted
12005,Undrafted,Undrafted,Undrafted
12006,1991,1,11
12007,2012,1,18
12008,2012,1,8
12009,2009,1,11
12010,1982,1,2
12011,Undrafted,Undrafted,Undrafted
12012,1993,1,13
12013,1990,1,16
12014,1985,1,24
12015,2015,1,16
12016,2006,1,13
12017,2007,1,12
12018,2014,2,51
12019,Undrafted,Undrafted,Undrafted
12020,1995,1,18
12021,Undrafted,Undrafted,Undrafted
12022,2017,2,42
12023,Undrafted,Undrafted,Undrafted
12024,Undrafted,Undrafted,Undrafted
12025,2012,1,5
12026,2018,2,58
12027,2016,1,10
12028,1983,1,7
12029,2007,1,28
12030,2010,2,31
12031,Undrafted,Undrafted,Undrafted
12032,Undrafted,Undrafted,Undrafted
12033,1997,1,1
12034,Undrafted,Undrafted,Undrafted
12035,1989,1,14
12036,2013,1,24
12037,1999,1,25
12038,1986,6,124
12039,Undrafted,Undrafted,Undrafted
12040,Undrafted,Undrafted,Undrafted
12041,Undrafted,Undrafted,Undrafted
12042,1997,1,7
12043,1999,2,56
12044,Undrafted,Undrafted,Undrafted
12045,2016,1,24
12046,2002,2,37
12047,2011,1,19
12048,1998,2,45
12049,1992,1,8
12050,1996,1,11
12051,1999,2,47
12052,1981,1,8
12053,1992,1,6
12054,1989,1,9
12055,2012,2,32
12056,2009,1,29
12057,1990,2,29
12058,2004,1,25
12059,1997,1,5
12060,Undrafted,Undrafted,Undrafted
12061,2017,1,28
12062,1996,1,16
12063,1994,1,19
12064,Undrafted,Undrafted,Undrafted
12065,1990,2,43
12066,2013,2,37
12067,2001,1,28
12068,1990,2,51
12069,2013,1,20
12070,2012,1,25
12071,2012,2,54
12072,1998,2,57
12073,Undrafted,Undrafted,Undrafted
12074,Undrafted,Undrafted,Undrafted
12075,1997,1,9
12076,Undrafted,Undrafted,Undrafted
12077,1992,1,18
12078,2018,1,5
12079,1999,1,11
12080,1995,1,23
12081,2005,2,38
12082,2003,2,37
12083,1996,1,29
12084,2011,2,47
12085,2003,1,23
12086,Undrafted,Undrafted,Undrafted
12087,Undrafted,Undrafted,Undrafted
12088,1998,2,54
12089,2019,2,51
12090,2001,2,29
12091,Undrafted,Undrafted,Undrafted
12092,Undrafted,Undrafted,Undrafted
12093,2004,2,43
12094,2010,1,23
12095,Undrafted,Undrafted,Undrafted
12096,2013,1,9
12097,Undrafted,Undrafted,Undrafted
12098,Undrafted,Undrafted,Undrafted
12099,2015,1,12
12100,Undrafted,Undrafted,Undrafted
12101,2011,2,37
12102,2011,1,4
12103,2003,1,16
12104,2018,1,15
12105,Undrafted,Undrafted,Undrafted
12106,Undrafted,Undrafted,Undrafted
12107,Undrafted,Undrafted,Undrafted
12108,2001,1,14
12109,Undrafted,Undrafted,Undrafted
12110,2019,1,24
12111,2009,1,18
12112,Undrafted,Undrafted,Undrafted
12113,Undrafted,Undrafted,Undrafted
12114,Undrafted,Undrafted,Undrafted
12115,2017,2,41
12116,2014,1,18
12117,2009,1,13
12118,2019,1,13
12119,2011,2,35
12120,Undrafted,Undrafted,Undrafted
12121,2017,1,24
12122,2016,2,34
12123,2012,1,17
12124,2009,1,4
12125,1985,2,35
12126,1990,1,11
12127,Undrafted,Undrafted,Undrafted
12128,2016,2,60
12129,1998,1,23
12130,2006,1,4
12131,2012,2,41
12132,2001,1,2
12133,1998,2,47
12134,1995,2,47
12135,2015,1,24
12136,Undrafted,Undrafted,Undrafted
12137,2005,2,58
12138,Undrafted,Undrafted,Undrafted
12139,2004,2,50
12140,2011,2,52
12141,1988,2,47
12142,Undrafted,Undrafted,Undrafted
12143,Undrafted,Undrafted,Undrafted
12144,1991,1,17
12145,2009,1,22
12146,2013,1,2
12147,2004,1,22
12148,1993,1,8
12149,1998,1,5
12150,1987,2,39
12151,2018,2,52
12152,Undrafted,Undrafted,Undrafted
12153,Undrafted,Undrafted,Undrafted
12154,2002,2,32
12155,1988,2,29
12156,1996,1,12
12157,Undrafted,Undrafted,Undrafted
12158,1989,1,26
12159,2001,1,12
12160,1998,1,27
12161,2017,2,49
12162,2005,2,39
12163,1999,1,26
12164,1994,2,46
12165,2016,1,17
12166,1982,4,78
12167,1999,1,6
12168,Undrafted,Undrafted,Undrafted
12169,1992,1,7
12170,Undrafted,Undrafted,Undrafted
12171,1996,1,19
12172,2008,2,32
12173,1999,2,36
12174,1985,1,2
12175,2009,1,28
12176,Undrafted,Undrafted,Undrafted
12177,2005,1,29
12178,Undrafted,Undrafted,Undrafted
12179,2018,1,7
12180,Undrafted,Undrafted,Undrafted
12181,2017,2,33
12182,2010,1,4
12183,Undrafted,Undrafted,Undrafted
12184,1994,1,23
12185,2012,2,40
12186,2006,2,60
12187,Undrafted,Undrafted,Undrafted
12188,Undrafted,Undrafted,Undrafted
12189,Undrafted,Undrafted,Undrafted
12190,1988,1,11
12191,2001,2,32
12192,1999,1,14
12193,Undrafted,Undrafted,Undrafted
12194,Undrafted,Undrafted,Undrafted
12195,1988,1,10
12196,1990,1,9
12197,2015,1,6
12198,2003,2,41
12199,Undrafted,Undrafted,Undrafted
12200,2010,2,54
12201,2015,2,35
12202,2007,1,23
12203,2010,1,12
12204,1985,1,4
12205,Undrafted,Undrafted,Undrafted
12206,Undrafted,Undrafted,Undrafted
12207,2011,Undrafted,Undrafted
12208,Undrafted,Undrafted,Undrafted
12209,Undrafted,Undrafted,Undrafted
12210,2002,1,1
12211,2005,1,12
12212,2007,1,6
12213,1994,1,14
12214,Undrafted,Undrafted,Undrafted
12215,Undrafted,Undrafted,Undrafted
12216,Undrafted,Undrafted,Undrafted
12217,Undrafted,Undrafted,Undrafted
12218,2017,1,10
12219,2014,1,13
12220,Undrafted,Undrafted,Undrafted
12221,Undrafted,Undrafted,Undrafted
12222,2001,1,19
12223,1991,2,51
12224,2003,1,17
12225,2003,2,42
12226,1994,2,54
12227,Undrafted,Undrafted,Undrafted
12228,2018,1,16
12229,2016,2,43
12230,2019,1,1
12231,Undrafted,Undrafted,Undrafted
12232,2003,1,22
12233,1996,1,20
12234,Undrafted,Undrafted,Undrafted
